id,dream_text,interpretation
1,"I was soaring above the city skyline, feeling unburdened and free",Flying dreams often symbolize liberation and ambition.
2,"I was falling endlessly from a skyscraper, and I felt terrified",Falling dreams can reflect feelings of insecurity or fear of failure.
3,I found myself swimming in calm waters under a starlit sky,Water in dreams can represent deep emotions and the subconscious mind.
4,I was walking through a futuristic city with flying cars.,"This dream may reflect a fascination with the future, technological progress, or personal aspirations."
5,I was standing on a beach watching a massive tidal wave approach.,Tidal waves in dreams can represent overwhelming emotions or significant life changes.
6,I was standing on a beach watching a massive tidal wave approach.,Tidal waves in dreams can represent overwhelming emotions or significant life changes.
7,I met a talking animal that gave me advice about my future.,"Talking animals in dreams can symbolize inner wisdom, intuition, or subconscious guidance."
8,"I was running through an endless maze, unable to find an exit.","Maze dreams often symbolize confusion, feeling lost, or searching for direction in life."
9,I met a talking animal that gave me advice about my future.,"Talking animals in dreams can symbolize inner wisdom, intuition, or subconscious guidance."
10,I discovered a hidden room in my house filled with treasures.,"Hidden rooms in dreams often indicate untapped potential, hidden talents, or self-discovery."
11,I met a talking animal that gave me advice about my future.,"Talking animals in dreams can symbolize inner wisdom, intuition, or subconscious guidance."
12,"I was speaking a language I had never learned, yet I understood everything.","This could symbolize deep intuition, past life connections, or hidden intellectual potential."
13,"I was running through an endless maze, unable to find an exit.","Maze dreams often symbolize confusion, feeling lost, or searching for direction in life."
14,I was standing on a beach watching a massive tidal wave approach.,Tidal waves in dreams can represent overwhelming emotions or significant life changes.
15,"I was running through an endless maze, unable to find an exit.","Maze dreams often symbolize confusion, feeling lost, or searching for direction in life."
16,"I was driving a car with no brakes, unable to stop.",A car with no brakes can symbolize losing control in some aspect of life.
17,"I was speaking a language I had never learned, yet I understood everything.","This could symbolize deep intuition, past life connections, or hidden intellectual potential."
18,"I was speaking a language I had never learned, yet I understood everything.","This could symbolize deep intuition, past life connections, or hidden intellectual potential."
19,I met a talking animal that gave me advice about my future.,"Talking animals in dreams can symbolize inner wisdom, intuition, or subconscious guidance."
20,I was chased by an unknown figure through a dark forest.,"Being chased in dreams can represent avoidance, fear, or unresolved issues."
21,I was attending a party where I didn't recognize anyone.,"This dream might signify feelings of social anxiety, isolation, or the desire to fit in."
22,"I was speaking a language I had never learned, yet I understood everything.","This could symbolize deep intuition, past life connections, or hidden intellectual potential."
23,"I found myself back in my childhood home, but everything was different.","Dreaming of childhood homes often reflects nostalgia, unresolved memories, or personal growth."
24,"I was speaking a language I had never learned, yet I understood everything.","This could symbolize deep intuition, past life connections, or hidden intellectual potential."
25,I was standing on a beach watching a massive tidal wave approach.,Tidal waves in dreams can represent overwhelming emotions or significant life changes.
26,I was standing on a beach watching a massive tidal wave approach.,Tidal waves in dreams can represent overwhelming emotions or significant life changes.
27,I was chased by an unknown figure through a dark forest.,"Being chased in dreams can represent avoidance, fear, or unresolved issues."
28,I was walking through a futuristic city with flying cars.,"This dream may reflect a fascination with the future, technological progress, or personal aspirations."
29,I was walking through a futuristic city with flying cars.,"This dream may reflect a fascination with the future, technological progress, or personal aspirations."
30,"I was driving a car with no brakes, unable to stop.",A car with no brakes can symbolize losing control in some aspect of life.
31,I was walking through a futuristic city with flying cars.,"This dream may reflect a fascination with the future, technological progress, or personal aspirations."
32,I was standing on a beach watching a massive tidal wave approach.,Tidal waves in dreams can represent overwhelming emotions or significant life changes.
33,I was attending a party where I didn't recognize anyone.,"This dream might signify feelings of social anxiety, isolation, or the desire to fit in."
34,"I was driving a car with no brakes, unable to stop.",A car with no brakes can symbolize losing control in some aspect of life.
35,"I found myself back in my childhood home, but everything was different.","Dreaming of childhood homes often reflects nostalgia, unresolved memories, or personal growth."
36,"I was driving a car with no brakes, unable to stop.",A car with no brakes can symbolize losing control in some aspect of life.
37,I was chased by an unknown figure through a dark forest.,"Being chased in dreams can represent avoidance, fear, or unresolved issues."
38,I met a talking animal that gave me advice about my future.,"Talking animals in dreams can symbolize inner wisdom, intuition, or subconscious guidance."
39,"I was running through an endless maze, unable to find an exit.","Maze dreams often symbolize confusion, feeling lost, or searching for direction in life."
40,"I found myself back in my childhood home, but everything was different.","Dreaming of childhood homes often reflects nostalgia, unresolved memories, or personal growth."
41,I was attending a party where I didn't recognize anyone.,"This dream might signify feelings of social anxiety, isolation, or the desire to fit in."
42,I was attending a party where I didn't recognize anyone.,"This dream might signify feelings of social anxiety, isolation, or the desire to fit in."
43,"I was running through an endless maze, unable to find an exit.","Maze dreams often symbolize confusion, feeling lost, or searching for direction in life."
44,"I was speaking a language I had never learned, yet I understood everything.","This could symbolize deep intuition, past life connections, or hidden intellectual potential."
45,"I was driving a car with no brakes, unable to stop.",A car with no brakes can symbolize losing control in some aspect of life.
46,I was standing on a beach watching a massive tidal wave approach.,Tidal waves in dreams can represent overwhelming emotions or significant life changes.
47,"I was driving a car with no brakes, unable to stop.",A car with no brakes can symbolize losing control in some aspect of life.
48,I was attending a party where I didn't recognize anyone.,"This dream might signify feelings of social anxiety, isolation, or the desire to fit in."
49,I discovered a hidden room in my house filled with treasures.,"Hidden rooms in dreams often indicate untapped potential, hidden talents, or self-discovery."
50,"I was running through an endless maze, unable to find an exit.","Maze dreams often symbolize confusion, feeling lost, or searching for direction in life."
51,I was standing on a beach watching a massive tidal wave approach.,Tidal waves in dreams can represent overwhelming emotions or significant life changes.
52,I was standing on a beach watching a massive tidal wave approach.,Tidal waves in dreams can represent overwhelming emotions or significant life changes.
53,"I was running through an endless maze, unable to find an exit.","Maze dreams often symbolize confusion, feeling lost, or searching for direction in life."
54,"I was speaking a language I had never learned, yet I understood everything.","This could symbolize deep intuition, past life connections, or hidden intellectual potential."
55,I discovered a hidden room in my house filled with treasures.,"Hidden rooms in dreams often indicate untapped potential, hidden talents, or self-discovery."
56,I was standing on a beach watching a massive tidal wave approach.,Tidal waves in dreams can represent overwhelming emotions or significant life changes.
57,I was chased by an unknown figure through a dark forest.,"Being chased in dreams can represent avoidance, fear, or unresolved issues."
58,I discovered a hidden room in my house filled with treasures.,"Hidden rooms in dreams often indicate untapped potential, hidden talents, or self-discovery."
59,I discovered a hidden room in my house filled with treasures.,"Hidden rooms in dreams often indicate untapped potential, hidden talents, or self-discovery."
60,"I found myself back in my childhood home, but everything was different.","Dreaming of childhood homes often reflects nostalgia, unresolved memories, or personal growth."
61,I was chased by an unknown figure through a dark forest.,"Being chased in dreams can represent avoidance, fear, or unresolved issues."
62,I was standing on a beach watching a massive tidal wave approach.,Tidal waves in dreams can represent overwhelming emotions or significant life changes.
63,I was walking through a futuristic city with flying cars.,"This dream may reflect a fascination with the future, technological progress, or personal aspirations."
64,"I was speaking a language I had never learned, yet I understood everything.","This could symbolize deep intuition, past life connections, or hidden intellectual potential."
65,I was standing on a beach watching a massive tidal wave approach.,Tidal waves in dreams can represent overwhelming emotions or significant life changes.
66,I discovered a hidden room in my house filled with treasures.,"Hidden rooms in dreams often indicate untapped potential, hidden talents, or self-discovery."
67,"I was speaking a language I had never learned, yet I understood everything.","This could symbolize deep intuition, past life connections, or hidden intellectual potential."
68,I was standing on a beach watching a massive tidal wave approach.,Tidal waves in dreams can represent overwhelming emotions or significant life changes.
69,"I was running through an endless maze, unable to find an exit.","Maze dreams often symbolize confusion, feeling lost, or searching for direction in life."
70,I was walking through a futuristic city with flying cars.,"This dream may reflect a fascination with the future, technological progress, or personal aspirations."
71,I met a talking animal that gave me advice about my future.,"Talking animals in dreams can symbolize inner wisdom, intuition, or subconscious guidance."
72,"I was speaking a language I had never learned, yet I understood everything.","This could symbolize deep intuition, past life connections, or hidden intellectual potential."
73,I was attending a party where I didn't recognize anyone.,"This dream might signify feelings of social anxiety, isolation, or the desire to fit in."
74,I was standing on a beach watching a massive tidal wave approach.,Tidal waves in dreams can represent overwhelming emotions or significant life changes.
75,I was chased by an unknown figure through a dark forest.,"Being chased in dreams can represent avoidance, fear, or unresolved issues."
76,"I was driving a car with no brakes, unable to stop.",A car with no brakes can symbolize losing control in some aspect of life.
77,I met a talking animal that gave me advice about my future.,"Talking animals in dreams can symbolize inner wisdom, intuition, or subconscious guidance."
78,"I was driving a car with no brakes, unable to stop.",A car with no brakes can symbolize losing control in some aspect of life.
79,"I found myself back in my childhood home, but everything was different.","Dreaming of childhood homes often reflects nostalgia, unresolved memories, or personal growth."
80,I met a talking animal that gave me advice about my future.,"Talking animals in dreams can symbolize inner wisdom, intuition, or subconscious guidance."
81,I was standing on a beach watching a massive tidal wave approach.,Tidal waves in dreams can represent overwhelming emotions or significant life changes.
82,I was walking through a futuristic city with flying cars.,"This dream may reflect a fascination with the future, technological progress, or personal aspirations."
83,"I was running through an endless maze, unable to find an exit.","Maze dreams often symbolize confusion, feeling lost, or searching for direction in life."
84,"I was driving a car with no brakes, unable to stop.",A car with no brakes can symbolize losing control in some aspect of life.
85,"I was speaking a language I had never learned, yet I understood everything.","This could symbolize deep intuition, past life connections, or hidden intellectual potential."
86,I was standing on a beach watching a massive tidal wave approach.,Tidal waves in dreams can represent overwhelming emotions or significant life changes.
87,I was chased by an unknown figure through a dark forest.,"Being chased in dreams can represent avoidance, fear, or unresolved issues."
88,"I was running through an endless maze, unable to find an exit.","Maze dreams often symbolize confusion, feeling lost, or searching for direction in life."
89,"I was speaking a language I had never learned, yet I understood everything.","This could symbolize deep intuition, past life connections, or hidden intellectual potential."
90,I met a talking animal that gave me advice about my future.,"Talking animals in dreams can symbolize inner wisdom, intuition, or subconscious guidance."
91,I was standing on a beach watching a massive tidal wave approach.,Tidal waves in dreams can represent overwhelming emotions or significant life changes.
92,I was attending a party where I didn't recognize anyone.,"This dream might signify feelings of social anxiety, isolation, or the desire to fit in."
93,I was walking through a futuristic city with flying cars.,"This dream may reflect a fascination with the future, technological progress, or personal aspirations."
94,"I was running through an endless maze, unable to find an exit.","Maze dreams often symbolize confusion, feeling lost, or searching for direction in life."
95,"I was speaking a language I had never learned, yet I understood everything.","This could symbolize deep intuition, past life connections, or hidden intellectual potential."
96,I was attending a party where I didn't recognize anyone.,"This dream might signify feelings of social anxiety, isolation, or the desire to fit in."
97,"I was running through an endless maze, unable to find an exit.","Maze dreams often symbolize confusion, feeling lost, or searching for direction in life."
98,"I found myself back in my childhood home, but everything was different.","Dreaming of childhood homes often reflects nostalgia, unresolved memories, or personal growth."
99,I was walking through a futuristic city with flying cars.,"This dream may reflect a fascination with the future, technological progress, or personal aspirations."
100,I was walking through a futuristic city with flying cars.,"This dream may reflect a fascination with the future, technological progress, or personal aspirations."
101,I was walking through a futuristic city with flying cars.,"This dream may reflect a fascination with the future, technological progress, or personal aspirations."
102,I met a talking animal that gave me advice about my future.,"Talking animals in dreams can symbolize inner wisdom, intuition, or subconscious guidance."
103,"I found myself back in my childhood home, but everything was different.","Dreaming of childhood homes often reflects nostalgia, unresolved memories, or personal growth."
104,"I was running through an endless maze, unable to find an exit.","Maze dreams often symbolize confusion, feeling lost, or searching for direction in life."
105,"I found myself back in my childhood home, but everything was different.","Dreaming of childhood homes often reflects nostalgia, unresolved memories, or personal growth."
106,I was chased by an unknown figure through a dark forest.,"Being chased in dreams can represent avoidance, fear, or unresolved issues."
107,I was chased by an unknown figure through a dark forest.,"Being chased in dreams can represent avoidance, fear, or unresolved issues."
108,I met a talking animal that gave me advice about my future.,"Talking animals in dreams can symbolize inner wisdom, intuition, or subconscious guidance."
109,"I was driving a car with no brakes, unable to stop.",A car with no brakes can symbolize losing control in some aspect of life.
110,"I found myself back in my childhood home, but everything was different.","Dreaming of childhood homes often reflects nostalgia, unresolved memories, or personal growth."
111,I met a talking animal that gave me advice about my future.,"Talking animals in dreams can symbolize inner wisdom, intuition, or subconscious guidance."
112,"I found myself back in my childhood home, but everything was different.","Dreaming of childhood homes often reflects nostalgia, unresolved memories, or personal growth."
113,I was attending a party where I didn't recognize anyone.,"This dream might signify feelings of social anxiety, isolation, or the desire to fit in."
114,I was walking through a futuristic city with flying cars.,"This dream may reflect a fascination with the future, technological progress, or personal aspirations."
115,"I was driving a car with no brakes, unable to stop.",A car with no brakes can symbolize losing control in some aspect of life.
116,"I found myself back in my childhood home, but everything was different.","Dreaming of childhood homes often reflects nostalgia, unresolved memories, or personal growth."
117,"I was running through an endless maze, unable to find an exit.","Maze dreams often symbolize confusion, feeling lost, or searching for direction in life."
118,"I found myself back in my childhood home, but everything was different.","Dreaming of childhood homes often reflects nostalgia, unresolved memories, or personal growth."
119,I was chased by an unknown figure through a dark forest.,"Being chased in dreams can represent avoidance, fear, or unresolved issues."
120,"I was running through an endless maze, unable to find an exit.","Maze dreams often symbolize confusion, feeling lost, or searching for direction in life."
121,I was walking through a futuristic city with flying cars.,"This dream may reflect a fascination with the future, technological progress, or personal aspirations."
122,I was standing on a beach watching a massive tidal wave approach.,Tidal waves in dreams can represent overwhelming emotions or significant life changes.
123,I was chased by an unknown figure through a dark forest.,"Being chased in dreams can represent avoidance, fear, or unresolved issues."
124,I was standing on a beach watching a massive tidal wave approach.,Tidal waves in dreams can represent overwhelming emotions or significant life changes.
125,I met a talking animal that gave me advice about my future.,"Talking animals in dreams can symbolize inner wisdom, intuition, or subconscious guidance."
126,"I was speaking a language I had never learned, yet I understood everything.","This could symbolize deep intuition, past life connections, or hidden intellectual potential."
127,I was walking through a futuristic city with flying cars.,"This dream may reflect a fascination with the future, technological progress, or personal aspirations."
128,"I was running through an endless maze, unable to find an exit.","Maze dreams often symbolize confusion, feeling lost, or searching for direction in life."
129,I was walking through a futuristic city with flying cars.,"This dream may reflect a fascination with the future, technological progress, or personal aspirations."
130,I was attending a party where I didn't recognize anyone.,"This dream might signify feelings of social anxiety, isolation, or the desire to fit in."
131,"I was speaking a language I had never learned, yet I understood everything.","This could symbolize deep intuition, past life connections, or hidden intellectual potential."
132,"I was running through an endless maze, unable to find an exit.","Maze dreams often symbolize confusion, feeling lost, or searching for direction in life."
133,I was walking through a futuristic city with flying cars.,"This dream may reflect a fascination with the future, technological progress, or personal aspirations."
134,I discovered a hidden room in my house filled with treasures.,"Hidden rooms in dreams often indicate untapped potential, hidden talents, or self-discovery."
135,"I was driving a car with no brakes, unable to stop.",A car with no brakes can symbolize losing control in some aspect of life.
136,I was standing on a beach watching a massive tidal wave approach.,Tidal waves in dreams can represent overwhelming emotions or significant life changes.
137,I met a talking animal that gave me advice about my future.,"Talking animals in dreams can symbolize inner wisdom, intuition, or subconscious guidance."
138,"I was running through an endless maze, unable to find an exit.","Maze dreams often symbolize confusion, feeling lost, or searching for direction in life."
139,I was attending a party where I didn't recognize anyone.,"This dream might signify feelings of social anxiety, isolation, or the desire to fit in."
140,"I was driving a car with no brakes, unable to stop.",A car with no brakes can symbolize losing control in some aspect of life.
141,I met a talking animal that gave me advice about my future.,"Talking animals in dreams can symbolize inner wisdom, intuition, or subconscious guidance."
142,I was chased by an unknown figure through a dark forest.,"Being chased in dreams can represent avoidance, fear, or unresolved issues."
143,I discovered a hidden room in my house filled with treasures.,"Hidden rooms in dreams often indicate untapped potential, hidden talents, or self-discovery."
144,"I was driving a car with no brakes, unable to stop.",A car with no brakes can symbolize losing control in some aspect of life.
145,"I was running through an endless maze, unable to find an exit.","Maze dreams often symbolize confusion, feeling lost, or searching for direction in life."
146,"I was running through an endless maze, unable to find an exit.","Maze dreams often symbolize confusion, feeling lost, or searching for direction in life."
147,I discovered a hidden room in my house filled with treasures.,"Hidden rooms in dreams often indicate untapped potential, hidden talents, or self-discovery."
148,"I was driving a car with no brakes, unable to stop.",A car with no brakes can symbolize losing control in some aspect of life.
149,I was chased by an unknown figure through a dark forest.,"Being chased in dreams can represent avoidance, fear, or unresolved issues."
150,"I was speaking a language I had never learned, yet I understood everything.","This could symbolize deep intuition, past life connections, or hidden intellectual potential."
151,I was chased by an unknown figure through a dark forest.,"Being chased in dreams can represent avoidance, fear, or unresolved issues."
152,"I was driving a car with no brakes, unable to stop.",A car with no brakes can symbolize losing control in some aspect of life.
153,I was chased by an unknown figure through a dark forest.,"Being chased in dreams can represent avoidance, fear, or unresolved issues."
154,I met a talking animal that gave me advice about my future.,"Talking animals in dreams can symbolize inner wisdom, intuition, or subconscious guidance."
155,"I was speaking a language I had never learned, yet I understood everything.","This could symbolize deep intuition, past life connections, or hidden intellectual potential."
156,I was attending a party where I didn't recognize anyone.,"This dream might signify feelings of social anxiety, isolation, or the desire to fit in."
157,I met a talking animal that gave me advice about my future.,"Talking animals in dreams can symbolize inner wisdom, intuition, or subconscious guidance."
158,I discovered a hidden room in my house filled with treasures.,"Hidden rooms in dreams often indicate untapped potential, hidden talents, or self-discovery."
159,"I was running through an endless maze, unable to find an exit.","Maze dreams often symbolize confusion, feeling lost, or searching for direction in life."
160,"I was speaking a language I had never learned, yet I understood everything.","This could symbolize deep intuition, past life connections, or hidden intellectual potential."
161,I was standing on a beach watching a massive tidal wave approach.,Tidal waves in dreams can represent overwhelming emotions or significant life changes.
162,"I was speaking a language I had never learned, yet I understood everything.","This could symbolize deep intuition, past life connections, or hidden intellectual potential."
163,I discovered a hidden room in my house filled with treasures.,"Hidden rooms in dreams often indicate untapped potential, hidden talents, or self-discovery."